,Focus,Region,bbox,discharge reduction,loss,ndays_lpjml_gfdl-esm2m,ndays_h08_gfdl-esm2m,ndays_lpjml_hadgem2-es,ndays_lpjml_miroc5,ndays_lpjml_ipsl-cm5a-lr,ndays_h08_hadgem2-es,ndays_h08_miroc5,ndays_h08_ipsl-cm5a-lr,ndays_matsiro_gfdl-esm2m,ndays_matsiro_hadgem2-es,ndays_matsiro_miroc5,ndays_matsiro_ipsl-cm5a-lr
0,Hydro,Spain,"[-9, 36, 0, 43]",0.4,0.36,148.2349581393413,164.17209506524904,147.75358802458558,148.3555543026743,147.51358540104994,160.73959491691548,165.73115808528138,157.85166276685234,185.88634154899256,180.15553308888695,186.62204420239826,178.37495355565218
1,Hydro,California,"[-121, 32, -113, 41]",0.38,0.5,166.33754365824674,192.99044553758705,153.89884361000446,168.12958993176085,165.53727549672567,199.88679888487727,192.41931994278357,202.66989154808584,165.84010779821463,166.39059918084266,166.08748565693153,168.77645596583378
2,Nuclear ,Elbe,"[8, 49, 16, 57]",0.26,0.16,105.07411901389828,125.93563032475419,103.16381679112081,104.78288939960731,106.0160499949307,123.74085934794408,125.27853798699073,129.4276870410528,193.72764257190786,184.73924277876907,195.24387901818253,221.62398624731176
3,Nuclear,Germany,"[6, 47, 15, 54]",0.44,0.46,174.96783192906352,203.52964067956725,170.72003173984177,174.23035217897595,179.46356300481645,202.38375095814936,204.01224939289526,210.8485478695523,385.53384871948776,359.14770389311815,372.7941119353238,434.42495886183605
4,Hydro,Central Europe,"[6, 47, 25, 54]",0.2,0.066,78.53546923902844,95.93591889205057,77.66118280028128,79.05231774088723,80.69666654348171,93.39051952645481,95.90168035497356,101.19349446249335,154.18785123830645,139.49973845296165,154.69324846827084,167.934849761303
5,Nuclear,Central Europe,"[6, 47, 25, 54]",0.2,0.047,78.53546923902844,95.93591889205057,77.66118280028128,79.05231774088723,80.69666654348171,93.39051952645481,95.90168035497356,101.19349446249335,154.18785123830645,139.49973845296165,154.69324846827084,167.934849761303
6,Hydro,Spain,"[-9, 36, 0, 43]",0.3,0.25,111.17621860450596,123.12907129893675,110.81519101843918,111.26666572700572,110.63518905078745,120.55469618768662,124.29836856396103,118.38874707513924,139.4147561617444,135.11664981666522,139.96653315179867,133.78121516673914
7,thermo,Spain,"[-9, 36, 0, 43]",0.3,0.12,111.17621860450596,123.12907129893675,110.81519101843918,111.26666572700572,110.63518905078745,120.55469618768662,124.29836856396103,118.38874707513924,139.4147561617444,135.11664981666522,139.96653315179867,133.78121516673914
